date,douban,douban_celebrity,imdb,bangumi,steam,indienova,epic,total_count
2026-09-30,85,65,40,1,0,0,0,191
2026-09-29,504,445,312,7,0,1,0,1269
2026-09-28,511,465,308,7,2,0,0,1293
2026-09-27,485,414,316,9,1,1,0,1226
2026-09-26,457,434,312,10,1,0,0,1214
2026-09-25,507,465,304,9,1,0,0,1286
2026-09-24,524,428,302,5,0,0,0,1259
2026-09-23,535,422,317,9,1,0,0,1284
2026-09-22,513,462,328,5,0,0,0,1308
2026-09-21,515,436,320,8,1,0,0,1280
2026-09-20,502,439,300,6,2,0,0,1249
2026-09-19,548,448,284,11,3,0,0,1294
2026-09-18,488,501,284,2,1,0,0,1276
2026-09-17,475,443,328,4,0,0,0,1250
2026-09-16,560,420,312,11,2,0,0,1305
2026-09-15,510,485,270,9,2,0,0,1276
2026-09-14,533,472,318,6,1,0,0,1330
2026-09-13,502,431,313,4,3,0,0,1253
2026-09-12,484,451,331,5,1,0,0,1272
2026-09-11,508,465,298,9,0,0,0,1280
2026-09-10,493,465,305,4,1,0,0,1268
2026-09-09,494,449,309,9,0,0,0,1261
2026-09-08,465,467,326,10,0,0,0,1268
2026-09-07,487,456,327,6,1,0,0,1277
2026-09-06,506,422,320,4,2,0,0,1254
2026-09-05,489,455,320,6,1,0,0,1271
2026-09-04,528,461,315,3,0,0,0,1307
2026-09-03,552,433,306,8,1,0,0,1300
2026-09-02,492,419,333,6,2,0,0,1252
2026-09-01,546,470,287,2,1,0,0,1306
2026-08-31,478,481,296,7,1,2,0,1265
2026-08-30,516,443,312,9,2,0,0,1282
2026-08-29,480,448,318,11,2,0,0,1259
2026-08-28,499,464,300,7,0,1,0,1271
2026-08-27,472,481,301,9,0,0,0,1263
2026-08-26,503,421,289,6,0,0,0,1219
2026-08-25,491,486,282,13,0,0,0,1272
2026-08-24,488,430,320,9,1,0,0,1248
2026-08-23,509,425,320,9,1,2,0,1266
2026-08-22,471,447,311,7,2,0,0,1238
2026-08-21,469,431,317,7,2,0,0,1226
2026-08-20,504,466,316,6,1,0,0,1293
2026-08-19,526,448,313,7,1,0,0,1295
2026-08-18,505,461,309,9,1,0,0,1285
2026-08-17,522,470,279,10,2,1,0,1284
2026-08-16,553,419,321,8,0,0,0,1301
2026-08-15,483,443,304,5,1,0,0,1236
2026-08-14,539,438,307,9,0,0,0,1293
2026-08-13,495,479,290,10,1,1,0,1276
2026-08-12,524,448,319,5,0,0,0,1296
2026-08-11,528,452,316,7,1,1,0,1305
2026-08-10,471,430,308,10,0,0,0,1219
2026-08-09,476,417,354,9,2,0,0,1258
2026-08-08,480,471,312,4,0,0,0,1267
2026-08-07,490,458,315,7,1,1,0,1272
2026-08-06,507,443,287,13,0,0,0,1250
2026-08-05,507,457,305,8,2,0,0,1279
2026-08-04,494,447,323,12,2,0,0,1278
2026-08-03,496,468,306,8,1,0,0,1279
2026-08-02,492,459,307,11,0,0,0,1269
2026-08-01,507,479,301,9,2,0,0,1298
2026-07-31,512,430,317,10,3,0,0,1272
2026-07-30,478,465,323,5,1,0,0,1272
2026-07-29,526,424,323,6,2,0,0,1281
2026-07-28,548,471,304,7,0,0,0,1330
2026-07-27,519,459,314,8,1,0,0,1301
2026-07-26,519,455,325,3,3,1,0,1306
2026-07-25,507,477,306,13,0,1,0,1304
2026-07-24,505,464,341,10,2,0,0,1322
2026-07-23,574,454,305,10,0,0,0,1343
2026-07-22,529,456,319,10,0,0,0,1314
2026-07-21,509,486,304,9,0,0,0,1308
2026-07-20,534,452,324,3,1,0,0,1314
2026-07-19,801,477,299,11,1,0,0,1589
2026-07-18,1314,472,332,9,2,0,0,2129
2026-07-17,507,442,319,8,1,0,0,1277
2026-07-16,523,411,321,13,1,0,0,1269
2026-07-15,484,446,323,6,3,0,0,1262
2026-07-14,511,404,326,6,4,0,0,1251
2026-07-13,495,432,318,14,0,0,0,1259
2026-07-12,528,420,309,7,0,0,0,1264
2026-07-11,474,440,309,7,2,0,0,1232
2026-07-10,492,433,309,8,1,0,0,1243
2026-07-09,490,414,327,11,0,0,0,1242
2026-07-08,534,415,323,5,2,1,0,1280
2026-07-07,511,451,313,7,1,0,0,1283
2026-07-06,487,470,306,8,1,1,0,1273
2026-07-05,521,410,334,6,1,0,0,1272
2026-07-04,514,448,302,9,0,0,0,1273
2026-07-03,472,450,324,9,1,0,0,1256
2026-07-02,497,450,312,13,2,0,0,1274
2026-07-01,499,426,313,8,0,0,0,1246
2026-06-30,480,462,305,3,1,0,0,1251
2026-06-29,484,454,326,11,3,0,0,1278
2026-06-28,529,446,295,7,0,0,0,1277
2026-06-27,494,465,314,4,0,0,0,1277
2026-06-26,445,495,324,6,1,0,0,1271
2026-06-25,489,472,307,4,2,0,0,1274
2026-06-24,445,473,329,6,1,0,0,1254
2026-06-23,471,476,291,10,2,0,0,1250
2026-06-22,456,464,328,7,2,0,0,1257
2026-06-21,494,444,288,4,1,0,0,1231
2026-06-20,462,497,303,6,2,0,0,1270
2026-06-19,451,484,313,13,1,0,0,1262
2026-06-18,453,467,309,8,2,0,0,1239
2026-06-17,391,495,327,6,1,0,0,1220
2026-06-16,441,478,295,13,1,0,0,1228
2026-06-15,412,491,325,8,0,0,0,1236
2026-06-14,421,513,304,4,0,0,0,1242
2026-06-13,471,457,313,6,2,0,0,1249
2026-06-12,444,436,356,10,2,0,0,1248
2026-06-11,528,441,319,7,2,0,0,1297
2026-06-10,516,431,284,12,0,0,0,1243
2026-06-09,499,442,307,6,0,0,0,1254
2026-06-08,522,427,331,12,0,0,0,1292
2026-06-07,530,460,297,3,2,0,0,1292
2026-06-06,510,455,316,6,3,1,0,1291
2026-06-05,493,472,291,6,1,0,0,1263
2026-06-04,506,421,311,7,1,0,0,1246
2026-06-03,470,446,298,6,4,0,0,1224
2026-06-02,520,436,298,8,1,1,0,1264
2026-06-01,493,435,317,13,0,0,0,1258
2026-05-31,534,446,288,9,0,0,0,1277
2026-05-30,511,461,318,8,3,0,0,1301
2026-05-29,469,464,323,8,0,0,0,1264
2026-05-28,530,448,305,4,0,0,0,1287
2026-05-27,501,460,298,6,0,0,0,1265
2026-05-26,448,454,331,9,0,0,0,1242
2026-05-25,526,437,305,5,0,0,0,1273
2026-05-24,506,455,322,5,3,0,0,1291
2026-05-23,489,448,325,7,2,0,0,1271
2026-05-22,489,446,320,7,0,0,0,1262
2026-05-21,485,458,297,11,3,0,0,1254
2026-05-20,501,459,317,6,0,0,0,1283
2026-05-19,513,473,277,14,0,1,0,1278
2026-05-18,517,439,304,10,2,0,0,1272
2026-05-17,486,460,310,11,1,0,1,1269
2026-05-16,527,441,289,8,3,0,0,1268
2026-05-15,511,442,317,6,0,0,0,1276
2026-05-14,468,454,305,9,2,0,0,1238
2026-05-13,521,456,311,7,0,0,0,1295
2026-05-12,495,444,313,10,1,0,0,1263
2026-05-11,466,461,325,10,2,1,0,1265
2026-05-10,501,455,297,7,0,2,0,1262
2026-05-09,538,438,304,3,1,1,0,1285
2026-05-08,523,418,322,6,2,0,0,1271
2026-05-07,539,440,302,9,0,0,0,1290
2026-05-06,491,443,305,9,0,0,0,1248
2026-05-05,505,429,306,6,0,0,0,1246
2026-05-04,510,488,293,7,4,0,0,1302
2026-05-03,513,499,286,7,3,0,0,1308
2026-05-02,537,434,299,9,3,0,0,1282
2026-05-01,464,468,326,15,1,0,0,1274
2026-04-30,555,433,301,5,1,0,0,1295
2026-04-29,507,453,327,6,1,0,0,1294
2026-04-28,511,452,317,7,1,0,0,1288
2026-04-27,531,455,299,7,0,0,0,1292
2026-04-26,513,458,306,12,1,0,0,1290
2026-04-25,499,441,319,8,3,0,0,1270
2026-04-24,521,458,305,5,0,0,0,1289
2026-04-23,496,466,300,10,1,0,0,1273
2026-04-22,541,458,304,5,0,0,0,1308
2026-04-21,510,429,311,5,0,0,0,1255
2026-04-20,485,449,304,9,0,0,0,1247
2026-04-19,511,458,305,5,0,0,0,1279
2026-04-18,488,456,301,5,2,0,0,1252
2026-04-17,575,462,259,10,1,0,0,1307
2026-04-16,513,499,275,11,0,0,0,1298
2026-04-15,513,469,288,4,2,0,0,1276
2026-04-14,506,484,284,8,1,0,0,1283
2026-04-13,536,464,301,7,0,0,0,1308
2026-04-12,544,428,293,3,0,0,0,1268
2026-04-11,538,438,301,4,0,0,0,1281
2026-04-10,517,467,278,11,0,0,0,1273
2026-04-09,542,446,292,6,1,1,0,1288
2026-04-08,512,430,321,14,2,0,0,1279
2026-04-07,184,142,100,7,1,0,0,434
2026-04-05,168,145,108,2,0,0,0,423
2026-04-04,516,448,293,10,3,0,0,1270
2026-04-03,472,446,320,8,2,0,0,1248
2026-04-02,494,440,315,9,0,0,0,1258
2026-04-01,489,444,296,7,2,0,0,1238
2026-03-31,547,431,274,13,1,0,0,1266
2026-03-30,514,461,288,14,0,0,0,1277
2026-03-29,483,426,282,8,2,0,0,1201
2026-03-28,586,467,261,11,0,0,0,1325
2026-03-27,526,485,268,7,0,0,0,1286
2026-03-26,495,503,266,4,3,0,0,1271
2026-03-25,496,459,272,7,3,0,0,1237
2026-03-24,484,458,298,12,1,0,0,1253
2026-03-23,519,460,264,7,0,0,0,1250
2026-03-22,561,468,270,9,0,0,0,1308
2026-03-21,494,437,285,10,3,1,0,1230
2026-03-20,486,435,280,7,1,0,0,1209
2026-03-19,526,450,273,11,2,0,0,1262
2026-03-18,536,452,292,7,0,0,0,1287
2026-03-17,535,439,384,10,0,0,0,1368
2026-03-16,536,460,433,8,2,0,0,1439
2026-03-15,556,431,422,8,0,0,0,1417
2026-03-14,509,460,421,8,2,0,0,1400
2026-03-13,491,492,446,11,4,1,0,1445
2026-03-12,502,462,449,5,0,0,0,1418
2026-03-11,534,462,327,7,1,0,0,1331
2026-03-10,497,458,260,10,1,0,0,1226
2026-03-09,521,461,279,9,1,0,0,1271
2026-03-08,522,461,302,8,0,0,0,1293
2026-03-07,543,449,259,10,0,0,0,1261
2026-03-06,534,478,300,4,1,0,0,1317
2026-03-05,528,463,401,15,2,0,0,1409
2026-03-04,495,459,408,10,0,0,0,1372
2026-03-03,524,453,271,8,1,0,0,1257
2026-03-02,533,468,245,8,0,1,0,1255
2026-03-01,515,447,369,6,1,0,0,1338
2026-02-28,525,461,344,8,3,0,0,1341
2026-02-27,532,479,370,4,3,0,0,1388
2026-02-26,512,474,368,10,0,0,0,1364
2026-02-25,522,449,365,10,1,0,0,1347
2026-02-24,519,477,371,9,2,0,0,1378
2026-02-23,521,467,364,2,1,0,0,1355
2026-02-22,504,461,357,13,1,0,0,1336
2026-02-21,559,427,372,7,1,0,0,1366
2026-02-20,550,455,338,9,1,0,0,1353
2026-02-19,541,468,329,5,1,0,0,1344
2026-02-18,534,462,347,10,0,0,0,1353
2026-02-17,481,493,357,4,0,0,0,1335
2026-02-16,498,426,384,4,0,0,0,1312
2026-02-15,516,430,368,8,4,0,0,1326
2026-02-14,506,453,361,6,1,0,0,1327
2026-02-13,510,417,398,7,2,0,0,1334
2026-02-12,538,438,335,11,1,0,0,1323
2026-02-11,484,454,337,5,3,0,0,1283
2026-02-10,488,433,329,10,0,0,0,1260
2026-02-09,535,423,365,3,2,0,0,1328
2026-02-08,511,436,340,6,1,0,0,1294
2026-02-07,496,409,363,7,4,0,0,1279
2026-02-06,503,481,340,6,2,0,0,1332
2026-02-05,483,423,341,6,1,0,0,1254
2026-02-04,468,457,343,11,1,0,0,1280
2026-02-03,510,438,334,11,1,0,0,1294
2026-02-02,516,451,315,9,0,0,0,1291
2026-02-01,505,421,313,10,0,0,0,1249
2026-01-31,492,421,387,9,3,0,0,1312
2026-01-30,504,439,333,11,1,0,0,1288
2026-01-29,489,388,347,5,1,0,0,1230
2026-01-28,638,383,330,5,2,0,0,1358
2026-01-27,767,368,294,10,0,0,0,1439
2026-01-26,402,349,257,8,3,0,0,1019
2026-01-25,384,362,288,5,4,0,0,1043
2026-01-24,360,368,259,4,1,0,0,992
2026-01-23,401,353,237,8,2,0,0,1001
2026-01-22,379,364,246,8,1,0,1,999
2026-01-21,376,377,265,9,1,0,0,1028
2026-01-20,374,388,242,7,5,1,0,1017
2026-01-19,369,357,288,4,4,0,1,1023
2026-01-18,393,350,262,10,0,1,0,1016
2026-01-17,368,365,289,9,3,0,0,1034
2026-01-16,381,400,294,9,3,0,0,1087
2026-01-15,455,430,281,7,3,1,0,1177
2026-01-14,445,388,297,6,0,0,0,1136
2026-01-13,432,392,316,7,2,0,0,1149
2026-01-12,461,380,296,7,0,0,0,1144
2026-01-11,430,384,298,4,2,1,0,1119
2026-01-10,467,387,311,8,2,0,0,1175
2026-01-09,412,395,304,10,3,0,0,1124
2026-01-08,468,353,298,11,0,0,0,1130
2026-01-07,452,337,305,13,0,0,0,1107
2026-01-06,440,375,298,5,1,0,0,1119
2026-01-05,433,375,309,8,1,0,0,1126
2026-01-04,418,403,272,10,2,0,0,1105
2026-01-03,462,377,290,5,1,0,0,1135
2026-01-02,435,376,299,11,0,1,0,1122
2026-01-01,465,393,301,4,4,0,0,1167
2025-12-31,439,390,315,7,1,0,0,1152
2025-12-30,433,399,296,16,2,0,0,1146
2025-12-29,451,376,277,10,0,1,0,1115
2025-12-28,409,389,271,12,0,0,0,1081
2025-12-27,422,372,264,11,0,0,0,1069
2025-12-26,432,388,285,4,0,0,0,1109
2025-12-25,411,383,305,11,1,0,0,1111
2025-12-24,431,386,277,6,1,0,0,1101
2025-12-23,435,388,267,12,0,0,0,1102
2025-12-22,410,381,272,11,1,0,0,1075
2025-12-21,441,376,274,11,1,0,0,1103
2025-12-20,434,353,257,19,1,0,0,1064
2025-12-19,423,371,277,10,4,0,0,1085
2025-12-18,419,367,261,17,3,0,0,1067
2025-12-17,427,364,277,7,1,1,0,1077
2025-12-16,460,358,258,11,3,0,0,1090
2025-12-15,428,362,292,10,0,0,0,1092
2025-12-14,412,388,240,11,0,0,0,1051
2025-12-13,378,374,281,5,0,0,0,1038
2025-12-12,464,380,259,8,2,0,0,1113
2025-12-11,442,383,258,7,1,0,0,1091
2025-12-10,431,411,261,11,0,0,0,1114
2025-12-09,472,403,294,7,0,0,0,1176
2025-12-08,536,402,390,10,1,0,0,1339
2025-12-07,623,518,495,8,4,0,0,1648
2025-12-06,780,686,646,8,0,0,0,2120
2025-12-05,909,925,1047,13,3,0,0,2897
2025-12-04,1185,1213,1260,8,3,0,0,3669
2025-12-03,1366,1544,1393,12,2,0,0,4317
2025-12-02,1463,1889,1415,9,2,0,0,4778
2025-12-01,1436,2209,1364,5,2,0,0,5016
2025-11-30,1245,2604,1465,12,1,0,0,5327
2025-11-29,1043,2879,1486,6,1,0,0,5415
2025-11-28,722,1206,1527,5,0,0,0,3460
2025-11-27,748,328,1631,9,0,0,0,2716
2025-11-26,867,330,1775,9,2,0,0,2983
2025-11-25,941,326,2033,10,1,0,0,3311
2025-11-24,964,345,2193,8,0,0,0,3510
2025-11-23,1096,354,2341,8,3,0,0,3802
2025-11-22,947,323,1778,8,0,0,0,3056
2025-11-21,531,312,604,5,1,1,0,1454
2025-11-20,245,192,456,2,0,0,0,895
2025-11-19,84,132,397,2,0,0,0,615
2025-11-18,79,178,436,0,0,0,0,693
2025-11-17,124,214,516,0,0,0,0,854
2025-11-16,97,215,555,2,0,0,0,869
2025-11-15,139,255,596,0,0,0,0,990
2025-11-14,193,297,646,0,0,0,0,1136
2025-11-13,177,267,638,0,0,0,0,1082
2025-11-12,528,810,1064,1,0,0,0,2403
2025-11-11,658,863,1140,3,0,0,0,2664
2025-11-10,661,886,1098,8,1,0,0,2654
2025-11-09,682,865,1193,9,1,1,0,2751
2025-11-08,733,975,1179,7,1,0,0,2895
2025-11-07,709,956,1238,4,2,0,0,2909
2025-11-06,748,925,1095,6,2,0,0,2776
2025-11-05,743,916,1191,3,2,0,0,2855
2025-11-04,732,938,1250,9,2,0,0,2931
2025-11-03,741,946,1152,4,0,0,0,2843
2025-11-02,779,942,1238,5,1,0,0,2965
2025-11-01,773,974,1207,6,1,0,0,2961
2025-10-31,758,992,1164,4,0,0,0,2918
2025-10-30,767,977,1254,3,2,0,0,3003
2025-10-29,723,977,1258,3,1,0,0,2962
2025-10-28,786,997,1265,4,0,0,0,3052
2025-10-27,758,942,1188,4,0,0,0,2892
2025-10-26,859,1002,1203,4,3,0,0,3071
2025-10-25,784,970,1220,4,0,0,0,2978
2025-10-24,799,961,1180,4,0,0,0,2944
2025-10-23,756,1004,1148,7,2,0,0,2917
2025-10-22,811,921,1239,4,1,0,0,2976
2025-10-21,735,1007,1228,6,3,0,0,2979
2025-10-20,671,769,904,4,1,0,0,2349
2025-10-19,759,970,1222,6,1,0,0,2958
2025-10-18,770,1036,1157,5,3,0,0,2971
2025-10-17,837,960,1202,3,1,0,0,3003
2025-10-16,776,925,1139,4,2,1,0,2847
2025-10-15,837,1020,1157,9,1,0,0,3024
2025-10-14,813,1064,1226,2,1,2,0,3108
2025-10-13,774,1043,1202,4,4,0,0,3027
2025-10-12,827,956,1239,5,1,0,0,3028
2025-10-11,841,1010,1170,6,1,0,0,3028
2025-10-10,797,986,1227,11,0,0,0,3021
2025-10-09,823,1012,1119,8,1,0,0,2963
2025-10-08,849,1079,1208,4,3,1,0,3144
2025-10-07,881,974,1203,6,4,0,0,3068
2025-10-06,842,989,1133,9,0,0,0,2973
2025-10-05,886,1042,1191,3,2,0,0,3124
2025-10-04,840,1027,1144,8,2,0,0,3021
2025-10-03,884,1052,1162,5,1,0,0,3104
2025-10-02,882,1036,1200,6,1,0,0,3125
2025-10-01,841,1059,1107,5,3,0,0,3015
2025-09-30,891,1082,1208,8,1,1,0,3191
2025-09-29,858,1025,1197,6,1,0,0,3087
2025-09-28,836,1075,1197,8,1,0,0,3117
2025-09-27,944,1025,1223,5,2,0,0,3199
2025-09-26,936,1031,1228,5,2,0,0,3202
2025-09-25,859,1096,1197,5,1,0,0,3158
2025-09-24,924,1082,1130,3,2,1,0,3142
2025-09-23,926,1086,1180,4,1,0,0,3197
2025-09-22,941,1071,1250,2,1,0,0,3265
2025-09-21,934,1055,1206,7,0,0,0,3202
2025-09-20,926,1058,1151,8,1,0,0,3144
2025-09-19,979,1080,1194,5,1,0,0,3259
2025-09-18,948,1050,1146,8,2,0,0,3154
2025-09-17,912,1089,1217,9,1,0,0,3228
2025-09-16,955,1060,1103,4,1,0,0,3123
2025-09-15,948,1073,1175,5,1,0,0,3202
2025-09-14,913,1074,1184,6,0,0,0,3177
2025-09-13,941,1102,1146,6,1,1,0,3197
2025-09-12,957,1117,1140,11,3,1,0,3229
2025-09-11,1019,1060,1164,6,1,0,0,3250
2025-09-10,905,1106,1196,11,1,0,0,3219
2025-09-09,971,1114,1155,7,3,1,0,3251
2025-09-08,970,1066,1186,9,2,1,0,3234
2025-09-07,973,1129,1120,11,0,2,0,3235
2025-09-06,923,1116,1152,13,1,0,0,3205
2025-09-05,917,1044,1056,12,3,1,0,3033
2025-09-04,974,1095,1157,9,0,0,0,3235
2025-09-03,1022,1101,1139,7,2,1,0,3272
2025-09-02,921,1117,1120,16,1,1,0,3176
2025-09-01,994,1087,1112,12,0,1,0,3206
2025-08-31,961,1069,1106,13,2,0,0,3151
2025-08-30,966,1127,1165,7,2,0,0,3267
2025-08-29,997,1108,1143,11,1,0,0,3260
2025-08-28,978,1200,1118,10,0,0,0,3306
2025-08-27,1086,1092,1085,12,1,0,0,3276
2025-08-26,1019,1121,1115,11,1,0,0,3267
2025-08-25,1046,1097,1070,12,1,0,0,3226
2025-08-24,1071,1092,1109,10,2,0,0,3284
2025-08-23,1058,1101,1194,12,3,0,0,3368
2025-08-22,1022,1096,1158,10,0,0,0,3286
2025-08-21,1039,1151,1064,12,1,1,0,3268
2025-08-20,1096,1070,1046,14,3,0,0,3229
2025-08-19,990,1068,1010,10,1,1,0,3080
2025-08-18,1023,1159,1078,13,1,0,0,3274
2025-08-17,1037,1168,1000,8,1,0,0,3214
2025-08-16,1030,1150,1115,8,2,1,0,3306
2025-08-15,1004,1126,1081,16,1,1,0,3229
2025-08-14,1005,1141,1072,10,3,0,1,3232
2025-08-13,1022,1112,1091,12,2,0,0,3239
2025-08-12,1014,1067,1047,12,3,0,0,3143
2025-08-11,1015,1102,1107,4,6,1,0,3235
2025-08-10,1077,1128,1092,15,3,0,0,3315
2025-08-09,1062,1132,1065,16,5,0,0,3280
2025-08-08,1058,1108,1073,16,2,0,0,3257
2025-08-07,1038,1096,971,19,0,0,0,3124
2025-08-06,1050,1102,1046,19,4,0,0,3221
2025-08-05,1082,1084,1092,19,1,1,0,3279
2025-08-04,1050,1104,980,20,2,0,0,3156
2025-08-03,1006,1109,1045,17,4,0,0,3181
2025-08-02,1036,1159,1024,17,5,1,0,3242
2025-08-01,1063,1150,1015,11,3,0,0,3242
2025-07-31,1088,1076,1052,17,4,0,0,3237
2025-07-30,1097,1098,1044,13,2,0,0,3254
2025-07-29,1093,1111,1054,10,2,0,0,3270
2025-07-28,1099,1113,975,16,4,0,0,3207
2025-07-27,1089,1118,977,21,1,0,0,3206
2025-07-26,990,1167,1044,17,3,0,0,3221
2025-07-25,1072,1078,1075,10,1,0,0,3236
2025-07-24,1022,1114,1015,21,4,0,0,3176
2025-07-23,1074,1119,954,14,3,0,0,3164
2025-07-22,1056,1057,996,20,3,0,0,3132
2025-07-21,982,1134,1028,16,5,0,0,3165
2025-07-20,1087,1055,1027,22,3,1,0,3195
2025-07-19,1081,1089,1045,17,1,0,0,3233
2025-07-18,1026,1085,1054,24,1,1,0,3191
2025-07-17,1048,1060,1033,21,0,2,0,3164
2025-07-16,1009,1051,987,27,0,0,0,3074
2025-07-15,1023,1057,1064,26,2,1,0,3173
2025-07-14,1006,1068,1084,27,2,1,0,3188
2025-07-13,1022,1094,1029,25,1,0,0,3171
2025-07-12,1059,1104,975,30,3,0,0,3171
2025-07-11,1089,1108,964,46,5,0,0,3212
2025-07-10,1094,1097,987,38,1,0,0,3217
2025-07-09,1112,1158,880,43,1,0,0,3194
2025-07-08,1069,1213,833,34,2,0,0,3151
2025-07-07,1065,1186,828,38,1,0,0,3118
2025-07-06,1093,1200,828,46,1,0,0,3168
2025-07-05,1052,1162,847,50,3,1,0,3115
2025-07-04,463,536,407,32,3,0,0,1441
2025-07-03,213,212,200,20,0,0,0,645
2025-07-02,1034,1282,830,75,1,0,0,3222
2025-07-01,1052,1144,832,96,1,0,0,3125
2025-06-30,1033,1208,797,83,3,0,0,3124
2025-06-29,1111,1165,799,101,2,0,0,3178
2025-06-28,1063,1151,805,156,2,0,0,3177
2025-06-27,996,1156,831,135,1,1,0,3120
2025-06-26,797,935,742,148,1,0,0,2623
2025-06-25,202,210,143,45,0,0,0,600
2025-06-24,928,1022,769,284,3,0,0,3006
2025-06-23,936,984,792,407,2,0,0,3121
2025-06-22,901,926,690,479,4,1,0,3001
2025-06-21,960,1153,654,328,3,0,0,3098
2025-06-20,1007,1347,728,0,11,0,0,3093
2025-06-19,996,1365,747,0,4,0,0,3112
2025-06-18,1015,1376,722,0,2,0,0,3115
2025-06-17,1304,1562,830,1,4,0,0,3701
2025-06-16,1449,1400,962,0,2,2,0,3815
2025-06-15,1383,1188,978,1,4,0,0,3554
2025-06-14,1423,1185,1009,0,3,0,0,3620
2025-06-13,1411,1193,1007,2,9,2,0,3624
2025-06-12,1441,1244,989,0,11,0,0,3685
2025-06-11,1503,1229,1001,0,2,0,0,3735
2025-06-10,1479,1180,915,1,6,0,0,3581
2025-06-09,1444,1158,952,0,4,0,0,3558
2025-06-08,1449,1166,961,0,8,4,0,3588
2025-06-07,1429,1166,936,0,6,0,0,3537
2025-06-06,1396,1225,998,0,9,2,0,3630
2025-06-05,1446,1176,919,0,2,0,0,3543
2025-06-04,1426,1197,890,1,8,0,0,3522
2025-06-03,1405,1153,949,1,4,0,0,3512
2025-06-02,1447,1202,986,0,4,0,0,3639
2025-06-01,1481,1216,955,0,3,0,0,3655
2025-05-31,1421,1236,900,0,4,0,0,3561
2025-05-30,1455,1219,876,0,5,1,0,3556
2025-05-29,1498,1203,917,0,2,0,0,3620
2025-05-28,1411,1177,923,0,1,0,0,3512
2025-05-27,1421,1240,834,0,2,0,0,3497
2025-05-26,1523,1250,824,0,6,0,0,3603
2025-05-25,1458,1154,895,0,4,0,0,3511
2025-05-24,1357,1197,895,0,4,0,0,3453
2025-05-23,1376,1186,884,0,2,0,0,3448
2025-05-22,1491,1275,856,0,6,0,0,3628
2025-05-21,1445,1284,806,0,1,0,0,3536
2025-05-20,1404,1201,832,0,1,0,0,3438
2025-05-19,1418,1231,840,0,3,0,0,3492
2025-05-18,1447,1177,845,0,5,0,0,3474
2025-05-17,1441,1264,840,0,4,0,0,3549
2025-05-16,1419,1232,814,0,7,0,0,3472
2025-05-15,1507,1241,899,1,4,0,0,3652
2025-05-14,1470,1207,964,0,3,0,0,3644
2025-05-13,1492,1252,785,0,1,0,0,3530
2025-05-12,1419,1285,744,0,2,0,0,3450
2025-05-11,1397,1318,733,0,5,0,0,3453
2025-05-10,1451,1225,780,0,2,0,0,3458
2025-05-09,1470,1172,838,0,3,0,0,3483
2025-05-08,1434,1204,804,0,12,1,0,3455
2025-05-07,1483,1294,752,0,3,0,0,3532
2025-05-06,1453,1244,747,0,0,0,0,3444
2025-05-05,1402,1242,762,0,4,0,0,3410
2025-05-04,1438,1251,751,0,2,0,0,3442
2025-05-03,1439,1300,762,0,3,0,0,3504
2025-05-02,1371,1261,756,0,2,0,0,3390
2025-05-01,1522,1236,792,0,6,0,0,3556
2025-04-30,1416,1255,757,0,6,1,0,3435
2025-04-29,1429,1284,713,0,1,0,0,3427
2025-04-28,1464,1253,684,0,4,0,0,3405
2025-04-27,1461,1259,708,0,5,0,0,3433
2025-04-26,1407,1253,694,0,4,0,0,3358
2025-04-25,1393,1123,616,0,6,0,0,3138
2025-04-24,1217,1009,578,0,1,0,0,2805
2025-04-23,1300,1042,683,0,1,0,0,3026
2025-04-22,1302,1126,686,0,1,0,0,3115
2025-04-21,1625,1180,904,0,8,0,0,3717
2025-04-20,1463,1259,952,0,2,0,0,3676
2025-04-19,1527,1237,965,0,3,0,0,3732
2025-04-18,1564,1276,974,0,2,0,0,3816
2025-04-17,1465,1218,1012,0,2,0,0,3697
2025-04-16,1521,1221,937,0,3,0,0,3682
2025-04-15,1472,1283,662,0,8,1,0,3426
2025-04-14,1612,1277,826,0,8,0,0,3723
2025-04-13,1684,1275,822,0,9,0,0,3790
2025-04-12,1686,1259,822,0,5,0,0,3772
2025-04-11,1625,1232,870,0,10,0,0,3737
2025-04-10,1570,1249,818,0,8,0,0,3645
2025-04-09,1614,1216,823,0,5,1,0,3659
2025-04-08,1483,1239,830,0,8,0,0,3560
2025-04-07,1536,1299,858,0,2,0,0,3695
2025-04-06,1471,1234,901,0,9,0,0,3615
2025-04-05,1490,1254,859,0,5,1,1,3610
2025-04-04,1477,1252,892,0,3,0,0,3624
2025-04-03,1356,1156,888,0,1,0,0,3401
2025-04-02,1410,1274,856,0,7,0,0,3547
2025-04-01,1384,1184,919,0,3,0,0,3490
2025-03-31,1347,1225,869,0,2,0,0,3443
2025-03-30,1360,1221,876,0,0,0,0,3457
2025-03-29,1462,1198,873,0,3,0,0,3536
2025-03-28,1366,1262,922,0,1,0,0,3551
2025-03-27,1254,1243,1012,0,0,0,0,3509
2025-03-26,1293,1228,358,0,1,0,0,2880
2025-03-25,1327,1229,439,1,2,0,0,2998
2025-03-24,1372,1312,390,0,3,0,0,3077
2025-03-23,1387,1254,385,0,2,0,0,3028
2025-03-22,1346,1233,386,0,2,0,0,2967
2025-03-21,1390,1246,378,0,2,0,0,3016
2025-03-20,1389,1253,355,0,2,0,0,2999
2025-03-19,1391,1240,365,0,5,0,0,3001
2025-03-18,1410,1295,342,0,1,0,1,3049
2025-03-17,1406,1170,353,0,3,0,0,2932
2025-03-16,1415,1301,309,0,2,0,0,3027
2025-03-15,1454,1245,293,0,0,1,0,2993
2025-03-14,1396,1323,286,0,2,0,0,3007
2025-03-13,1372,1262,324,0,1,0,0,2959
2025-03-12,1290,1312,296,0,4,0,0,2902
2025-03-11,1390,1322,272,0,0,0,0,2984
2025-03-10,1247,1297,266,0,3,0,0,2813
2025-03-09,1331,1275,276,0,2,0,0,2884
2025-03-08,1328,1214,288,0,2,0,0,2832
2025-03-07,1381,1263,250,0,1,0,0,2895
2025-03-06,1367,1272,268,0,1,0,0,2908
2025-03-05,1302,1304,251,0,0,0,0,2857
2025-03-04,1277,1287,231,0,2,1,1,2799
2025-03-03,1516,1243,322,0,12,2,0,3095
2025-03-02,1552,1245,386,0,10,3,0,3196
2025-03-01,1584,1276,383,0,7,0,0,3250
2025-02-28,1679,1248,212,1,13,5,0,3158
2025-02-27,1656,1253,196,0,8,0,0,3113
2025-02-26,1671,1268,201,1,20,4,0,3165
2025-02-25,1669,1232,207,0,18,1,0,3127
2025-02-24,1656,1228,216,0,10,2,0,3112
2025-02-23,1598,1196,229,0,10,1,0,3034
2025-02-22,1616,1222,185,1,10,0,0,3034
2025-02-21,1611,1214,178,0,14,2,1,3020
2025-02-20,1638,1243,176,0,10,0,0,3067
2025-02-19,1592,1189,148,0,13,1,0,2943
2025-02-18,1630,1237,161,0,10,1,1,3040
2025-02-17,1645,1225,145,0,11,3,1,3030
2025-02-16,1592,1152,130,0,16,0,0,2890
2025-02-15,1588,1280,112,1,12,2,0,2995
2025-02-14,1614,1196,88,0,9,5,0,2912
2025-02-13,1572,1198,108,0,12,2,0,2892
2025-02-12,1592,1144,3972,0,22,3,0,6733
2025-02-11,1496,1164,6441,0,18,2,0,9121
2025-02-10,1404,1039,6550,0,12,3,0,9008
2025-02-09,1256,1053,4409,0,9,4,0,6731
2025-02-08,1266,1129,334,0,10,1,1,2741
2025-02-07,1224,1088,378,0,7,0,0,2697
2025-02-06,1048,1103,308,0,5,2,0,2466
2025-02-05,1213,1086,348,0,7,1,0,2655
2025-02-04,1078,1035,324,1,8,1,0,2447
2025-02-03,1071,1152,359,0,7,2,0,2591
2025-02-02,1043,1121,335,0,6,0,0,2505
2025-02-01,964,1127,370,0,1,1,0,2463
2025-01-31,922,1123,322,0,9,1,0,2377
2025-01-30,968,1118,374,0,4,1,1,2466
2025-01-29,878,1106,374,0,3,1,0,2362
2025-01-28,806,1141,346,0,12,1,0,2306
2025-01-27,793,1082,355,0,4,0,1,2235
2025-01-26,704,1042,352,0,6,1,0,2105
2025-01-25,695,1016,417,0,4,2,0,2134
2025-01-24,635,1051,375,0,4,1,0,2066
2025-01-23,567,951,438,0,5,1,0,1962
2025-01-22,366,492,275,46,5,1,0,1185
2025-01-21,250,290,203,1778,2,0,0,2523
2025-01-20,105,209,21,511,4,0,0,850
2025-01-19,47,123,13,0,1,1,0,185
2025-01-18,15,74,15,0,2,0,0,106
2025-01-17,2,18,5,0,0,0,0,25
